cancer_site_icd10code,cancer_site,sex,year,age_under5,age5to9,age10to14,age15to19,age20to24,age25to29,age30to34,age35to39,age40to44,age45to49,age50to54,age55to59,age60to64,age65to69,age70to74,age75to79,age80to84,age85to89,age90and_over,all_ages,rate_age_under5,rate_age5to9,rate_age10to14,rate_age15to19,rate_age20to24,rate_age25to29,rate_age30to34,rate_age35to39,rate_age40to44,rate_age45to49,rate_age50to54,rate_age55to59,rate_age60to64,rate_age65to69,rate_age70to74,rate_age75to79,rate_age80to84,rate_age85to89,rate_age90and_over,crude_rate,crude_rate_lower95pc_confidence_interval,crude_rate_upper95pc_confidence_interval,easr,easr_lower95pc_confidence_interval,easr_upper95pc_confidence_interval,wasr,wasr_lower95pc_confidence_interval,wasr_upper95pc_confidence_interval,standardised_ratio
"C00-C97, excluding C44",All cancer types,All,2015-2019,286,183,174,310,547,985,1723,2335,3378,5949,10379,13860,18315,24381,25725,23418,18479,11359,5312,167098,20.2967152676008,12.252489665728,12.3484739344296,21.2444447490243,30.6215102954332,52.2587172580567,96.493419070415,138.373486336285,204.795537906575,311.648062428099,512.591304863172,732.438131173011,1110.96957344592,1587.92290227576,2008.67340883395,2465.75342465753,2671.46824496145,2847.15973320567,2551.73606440828,616.509063271337,613.556576358292,619.472237585216,641.591477623889,638.470309430756,644.720151261861,299.263579176346,297.661762012741,300.869635536844,100
"C00-C97, excluding C44",All cancer types,Male,2015-2019,141,93,100,156,249,384,590,749,1039,2060,3825,6468,9469,13226,14473,12656,9385,5144,2039,82246,19.4620200748667,12.1974731557224,13.8739936151881,20.9050268549191,27.7487103536122,40.8947864472122,67.2463530251171,90.4226807608543,128.760098497138,223.470959623354,389.575469680334,702.095649134538,1182.61091114369,1782.95796311949,2400.81083143398,3000.78718500745,3276.57657972188,3502.91796335011,3296.20588758305,623.546913402597,619.292624876932,627.823170962543,692.450307132228,687.64594498545,697.271163481584,302.741785669797,300.48875713431,305.00311314214,100
"C00-C97, excluding C44",All cancer types,Female,2015-2019,145,90,74,154,298,601,1133,1586,2339,3889,6554,7392,8846,11155,11252,10762,9094,6215,3273,84852,21.1800346768292,12.3098638939382,10.7510010053639,21.5996959211639,33.521300086503,63.5401931368134,124.746350921504,184.605356581658,277.618533856049,393.996741852605,628.39654372313,761.22372480609,1043.31539827852,1405.61818848515,1659.93467658418,2038.35794944448,2243.82540896642,2465.19376462655,2236.98509360071,609.837346521896,605.740878835556,613.954639957439,590.732648115549,586.751894880555,594.726673567784,295.785372682894,293.510320748213,298.069086679487,100
C67,Bladder,All,2015-2019,1,0,0,1,0,1,4,4,37,47,116,198,320,534,710,773,739,516,250,4251,0.0709675359007022,0,0,0.0685304669323364,0,0.0530545352873672,0.224012580546523,0.237042374880145,2.24317196641305,2.46217161440926,5.72893259120609,10.4634018739002,19.4108797981268,34.779165326084,55.4386052583908,81.3915533888579,106.835598951594,129.33659849759,120.093000019215,15.6840897435424,15.2161154803717,16.1627979001303,17.5116907321586,16.9762671599313,18.055311361207,6.21643101815944,6.01335661171053,6.4228307131167,100
C67,Bladder,Male,2015-2019,1,0,0,1,0,1,2,2,23,22,81,146,230,393,517,540,514,309,136,2918,0.138028511169267,0,0,0.134006582403328,0,0.106496839706282,0.227953739068193,0.241449080803349,2.85031979348813,2.38658306393873,8.24983347558355,15.848170187638,28.7253679969426,52.9791682675003,85.7610170559918,128.036115668775,179.452356097714,210.420227580712,219.854831148257,22.1227767102203,21.3272966118138,22.9403371274429,25.9146150738917,24.962493769927,26.8843071816955,9.12325638582482,8.77191024749134,9.48140505576121,100
C67,Bladder,Female,2015-2019,0,0,0,0,0,0,2,2,14,25,35,52,90,141,193,233,225,207,114,1333,0,0,0,0,0,0,0.220205385563115,0.232793640077753,1.66167570499559,2.53276383294295,3.35579478643722,5.35492880004284,10.6147847439596,17.7671147087768,28.4720398667568,44.1309609942914,55.5158034987293,82.1070167783904,77.9151544975498,9.58036561205025,9.07290803316637,10.1088169250787,9.10876639042551,8.62441725382589,9.6061612319063,3.30960565049407,3.10823246673027,3.51721005628925,100
C40-C41,Bone and articular cartilage,All,2015-2019,4,8,17,23,11,9,13,9,19,8,17,25,12,19,14,14,9,6,3,240,0.283870143602809,0.535627963529092,1.20646009704197,1.57620073944374,0.615789055301216,0.477490817586305,0.728040886776201,0.533345343480327,1.15189911788778,0.419093040750512,0.839584948711237,1.32113660023992,0.727907992429757,1.23746093856853,1.09315559664432,1.47410316616301,1.30111013608166,1.50391393601849,1.44111600023058,0.885481425182354,0.77698902406436,1.00488352387995,0.904431029257137,0.792729367694996,1.02338790682464,0.810381155529287,0.696628758031351,0.932609946972218,100
C40-C41,Bone and articular cartilage,Male,2015-2019,1,2,12,13,6,7,7,8,10,3,12,16,9,11,9,10,4,2,1,143,0.138028511169267,0.262311250660696,1.66487923382258,1.74208557124326,0.668643622978607,0.745477877943972,0.797838086738677,0.965796323213397,1.23926947542962,0.325443145082554,1.2221975519383,1.73678577398773,1.1240361390108,1.48287748331426,1.49293840136156,2.37103917905139,1.39651638986548,1.36194322058713,1.616579640796,1.08415252555226,0.913745546234362,1.27711603070788,1.11099567593894,0.934732191952895,1.30225887877956,0.950019815912068,0.782877264618209,1.13309300637152,100
C40-C41,Bone and articular cartilage,Female,2015-2019,3,6,5,10,5,2,6,1,9,5,5,9,3,8,5,4,5,4,2,97,0.438207614003363,0.820657592929214,0.726418986848911,1.40257765721844,0.562437920914479,0.21144823007259,0.660616156689344,0.116396820038877,1.06822009606859,0.50655276658859,0.479399255205317,0.926814600007415,0.353826158131987,1.00806324588805,0.737617613128413,0.75761306427968,1.23368452219398,1.58660901987228,1.36693253504473,0.697145884747842,0.565338349148714,0.850458858060766,0.69786638257534,0.565455701924193,0.843997549074994,0.670742495146506,0.521923594778926,0.837944541494007,100
"ICD-10 C40-C41, C47+C49",Bone and connective tissue,All,2015-2019,10,13,29,40,29,26,39,35,38,45,86,86,69,105,97,95,74,52,26,994,0.709675359007022,0.870395440734774,2.0580789890716,2.74121867729346,1.62344387306684,1.37941791747155,2.1841226603286,2.07412078020127,2.30379823577556,2.35739835422163,4.24731209348038,4.54470990482532,4.1854709564711,6.8385999236682,7.57400663389282,10.002842913249,10.6980166744492,13.0339207788269,12.4896720019983,3.66736890263025,3.4428966039253,3.9026339173142,3.83142295624137,3.59323708216152,4.07714424751664,2.54194600708401,2.35801507425253,2.73268615011725,100
"ICD-10 C40-C41, C47+C49",Bone and connective tissue,Male,2015-2019,4,3,17,20,12,18,15,20,20,26,43,49,42,66,54,63,47,29,14,562,0.552114044677068,0.393466875991045,2.35857891458198,2.68013164806655,1.33728724595721,1.91694311471307,1.70965304301145,2.41449080803349,2.47853895085925,2.82050725738214,4.37954122777892,5.31890643283741,5.24550198205039,8.89726489988555,8.95763040816936,14.9375468280238,16.4090675809194,19.7481766985134,22.6321149711441,4.26079524028232,3.91576422882132,4.62808086826395,4.60723469767147,4.22726147048366,5.00332690082302,2.80687365363342,2.54387840310382,3.08261992885944,100
"ICD-10 C40-C41, C47+C49",Bone and connective tissue,Female,2015-2019,6,10,12,20,17,8,24,15,18,19,43,37,27,39,43,32,27,23,12,432,0.876415228006725,1.36776265488202,1.74340556843739,2.80515531443687,1.91228893110923,0.845792920290361,2.64246462675738,1.74595230058315,2.13644019213719,1.92490051303664,4.12283359476573,3.81023780003048,3.18443542318788,4.91430832370423,6.34351147290435,6.06090451423744,6.66189641984752,9.1230018642656,8.2015952102684,3.10481466196977,2.8188998867177,3.41186749270145,3.05561121481128,2.77329374485836,3.35141655232179,2.27701836053461,2.02401150311726,2.5447096528574,100
ICD-10 C47+C49,Connective tissue,All,2015-2019,6,5,12,17,18,17,26,26,19,37,69,61,57,86,83,81,65,46,23,754,0.425805215404213,0.334767477205682,0.851618892029628,1.16501793784972,1.00765481776563,0.901927099885243,1.4560817735524,1.54077543672095,1.15189911788778,1.93830531347112,3.40772714476914,3.2235733045854,3.45756296404135,5.60113898509967,6.4808510372485,8.52873974708601,9.39690653836757,11.5300068428084,11.0485560017678,2.78188747744789,2.58684010011046,2.98774439303721,2.92699192698424,2.71812777219303,3.14347737913361,1.73156485155473,1.58910966697007,1.88004763634087,100
ICD-10 C47+C49,Connective tissue,Male,2015-2019,3,1,5,7,6,11,8,12,10,23,31,33,33,55,45,53,43,27,13,419,0.414085533507801,0.131155625330348,0.693699680759407,0.938046076823294,0.668643622978607,1.1714652367691,0.911814956272774,1.4486944848201,1.23926947542962,2.49506411229958,3.15734367584062,3.58212065884968,4.12146584303959,7.41438741657129,7.4646920068078,12.5665076489724,15.0125511910539,18.3862334779263,21.0155353303481,3.17664271473005,2.87972082053489,3.49586811042956,3.49623902173253,3.16277920567142,3.84617090117571,1.85685383772135,1.65782258832553,2.06700491432829,100
ICD-10 C47+C49,Connective tissue,Female,2015-2019,3,4,7,10,12,6,18,14,9,14,38,28,24,31,38,28,22,19,10,335,0.438207614003363,0.54710506195281,1.01698658158847,1.40257765721844,1.34985101019475,0.634344690217771,1.98184847006803,1.62955548054427,1.06822009606859,1.41834774644805,3.64343433956041,2.88342320002307,2.83060926505589,3.90624507781618,5.60589385977594,5.30329144995776,5.42821189765353,7.53639284439332,6.83466267522366,2.40766877722193,2.15671859656445,2.67980224365858,2.35774483223594,2.11122338365139,2.6176822795551,1.6062758653881,1.40605966327508,1.81962498415258,100
C71,Malignant brain cancer,All,2015-2019,44,43,21,21,29,48,64,68,74,99,147,226,233,308,262,230,162,77,28,2184,3.1225715796309,2.87900030396887,1.49033306105185,1.43913980557907,1.62344387306684,2.54661769379363,3.58420128874438,4.02972037296247,4.48634393282609,5.18627637928758,7.25994043885599,11.9430748661689,14.1335468530111,20.0598931094267,20.4576261657724,24.2174091583924,23.4199824494699,19.3002288455706,13.4504160021521,8.05788096915942,7.72344660380346,8.40307102518413,8.26098148288412,7.91459288941299,8.61468477065365,5.19292847457204,4.93766448635174,5.45453525098473,100
C71,Malignant brain cancer,Male,2015-2019,22,24,14,14,16,24,31,46,47,59,80,138,134,169,149,124,83,33,13,1220,3.03662724572388,3.14773500792836,1.94235910612634,1.87609215364659,1.78304966127628,2.55592415295076,3.533282955557,5.55332885847704,5.82456653451923,6.40038185329023,8.14798367958869,14.9797773006441,16.7356491808274,22.7823904254645,24.7164246447636,29.4008858202373,28.9777150897087,22.4720631396877,21.0155353303481,9.24941315506126,8.73761295591916,9.78336833195824,9.7542034842671,9.20828385177135,10.3156221599233,6.05155659651585,5.66587467066124,6.44975794460512,100
C71,Malignant brain cancer,Female,2015-2019,22,19,7,7,13,24,33,22,27,40,67,88,99,139,113,106,79,44,15,964,3.21352250269133,2.59874904427584,1.01698658158847,0.981804360052905,1.46233859437765,2.53737876087108,3.63338886179139,2.56073004085528,3.20466028820578,4.05242213270872,6.42395001975125,9.0621872000725,11.6762632183556,17.5150988973048,16.6701580567021,20.0767462034115,19.492215450665,17.4526992185951,10.2519940128355,6.92833642161773,6.49782348934503,7.37987672842319,6.76775948150114,6.34603049289024,7.20286337759562,4.33430035262823,4.00385096648821,4.67766587235629,100
"C70-C72, C75.1-C75.3","Malig brain ca (incl pit. gland, cranio. duct, pineal gland)",All,2015-2019,54,50,27,30,33,50,71,73,76,102,156,231,237,314,265,235,167,78,29,2278,3.83224693863792,3.34767477205682,1.91614250706666,2.05591400797009,1.84736716590365,2.65272676436836,3.97622330470079,4.32602334156265,4.60759647155112,5.34343626956903,7.70442658817371,12.2073021862168,14.3761828504877,20.450670247922,20.6918737936247,24.7438745748792,24.1428214139598,19.5508811682403,13.9307880022289,8.40469452735584,8.06306392817925,8.75707921396855,8.61061268525505,8.25708503540503,8.97144700475656,5.57296087811212,5.30285505799581,5.84968187072098,100
C50,Breast,All,2015-2019,0,0,0,1,13,87,254,603,1070,1837,3219,2726,2916,3361,2444,2137,1691,1153,652,24164,0,0,0,0.0685304669323364,0.727750701719619,4.61574457000095,14.2247988647042,35.7341380131819,64.8701082178908,96.2342394823363,158.977879405969,144.056734890161,176.881642160431,218.900327080465,190.833734157052,225.011319006454,244.464137790455,289.002128038219,313.202544050112,89.15322149211,88.0326310370791,90.2845137445046,84.6278346045235,83.5607904827187,85.7015548352427,47.1666163686697,46.5203049447255,47.8173248594683,100
"C70-C72, C75.1-C75.3","Malig brain ca (incl pit. gland, cranio. duct, pineal gland)",Male,2015-2019,29,26,17,20,16,25,35,48,49,61,85,140,136,175,149,128,85,34,13,1271,4.00282682390875,3.41004625858905,2.35857891458198,2.68013164806655,1.78304966127628,2.66242099265704,3.98919043369339,5.79477793928038,6.07242042960516,6.61734395001193,8.65723265956298,15.1968755223926,16.9854349894965,23.5912326890905,24.7164246447636,30.3493014918579,29.6759732846415,23.1530347499813,21.0155353303481,9.63606895088759,9.11353075149957,10.1807578523445,10.1443571370888,9.58804358329718,10.7161374924841,6.46557932584757,6.05862837931807,6.88557064727166,100
"C70-C72, C75.1-C75.3","Malig brain ca (incl pit. gland, cranio. duct, pineal gland)",Female,2015-2019,25,24,10,10,17,25,36,25,27,41,71,91,101,139,116,107,82,44,16,1007,3.65173011669469,3.28263037171686,1.45283797369782,1.40257765721844,1.91228893110923,2.64310287590738,3.96369694013607,2.90992050097191,3.20466028820578,4.15373268602644,6.8074694239155,9.37112540007497,11.9121473237769,17.5150988973048,17.1127286245792,20.2661494694815,20.2324261639813,17.4526992185951,10.9354602803579,7.23738047361935,6.79721873289683,7.69856473851331,7.07686823342128,6.64524132370759,7.52188406546246,4.68034243037667,4.32927812746077,5.04489807049137,100
"D18.0, D32-D33, D35.2-D35.4, D42-D43, D44.3-D44.5","Non-malig brain ca (incl pit.gland,cranio.duct,pineal gland)",All,2015-2019,13,17,14,24,46,52,85,127,144,190,231,254,291,327,314,296,257,218,129,3029,0.922577966709129,1.13820942249932,0.993555374034566,1.64473120637607,2.57511786762327,2.7588358349431,4.76026733661362,7.52609540244462,8.73018278820213,9.95345971782466,11.408477832488,13.4227478584376,17.6517688164216,21.2973540479952,24.5179183818799,31.166752656018,37.1539227747764,54.6422063420051,61.9679880099149,11.175513486989,10.7810351563449,11.5807359026148,11.2776935494523,10.8740981999734,11.6885401340701,6.41431254134295,6.15256959175767,6.68143143724914,100
"D18.0, D32-D33, D35.2-D35.4, D42-D43, D44.3-D44.5","Non-malig brain ca (incl pit.gland,cranio.duct,pineal gland)",Male,2015-2019,8,9,8,15,18,13,38,49,60,71,93,94,130,120,124,103,92,52,31,1128,1.10422808935414,1.18040062797313,1.10991948921505,2.01009873604991,2.00593086893582,1.38445891618166,4.33112104229568,5.91550247968206,7.43561685257774,7.70215443362045,9.4720310275218509,10.2036164221779,16.2360775634893,16.1768452725192,20.5693735298704,24.4217035442294,32.1198769669061,35.4105237352655,50.1139688646761,8.55191642533532,8.06007074807328,9.06592551223566,9.28120953014078,8.73743566403968,9.84116648018794,5.35718490677076,5.01062117994638,5.71517321083526,100
"D18.0, D32-D33, D35.2-D35.4, D42-D43, D44.3-D44.5","Non-malig brain ca (incl pit.gland,cranio.duct,pineal gland)",Female,2015-2019,5,8,6,9,28,39,47,78,84,119,138,160,161,207,190,193,165,166,98,1901,0.730346023338938,1.09421012390562,0.871702784218693,1.26231989149659,3.14965235712108,4.12324048641551,5.1748265607332,9.07895196303237,9.97005422997354,12.0559558448084,13.2314194436668,16.4767040001318,18.9886704864166,26.0836364873532,28.0294692988797,36.5548303514946,40.7115892324015,65.8442743246995,66.9796942171919,13.6626219268624,13.055283754513,14.2909226919162,13.2741775687638,12.6819108667523,13.8797710451846,7.47144017591514,7.0821460902379,7.87100321433759,100
"C70-C72, C75.1-C75.3, D18.0, D32-D33, D35.2-D35.4, D42-D43, D44.3-D44.5",All brain and CNS tumours (malignant and non-malignant),All,2015-2019,67,67,41,54,79,102,156,200,220,292,387,485,528,641,579,531,424,296,158,5307,4.75482490534705,4.48588419455614,2.90969788110123,3.70064521434617,4.42248503352691,5.41156259931146,8.73649064131442,11.8521187440073,13.3377792597533,15.2968959873937,19.1129044206617,25.6300500446544,32.0279516669093,41.7480242959173,45.2097921755046,55.9106272308972,61.2967441887361,74.1930875102454,75.8987760121438,19.5802080143448,19.0569171674557,20.1142269557637,19.8883062347074,19.3502639944022,20.4336238116987,11.9872734194551,11.6098739313488,12.3706250960954,100
"C70-C72, C75.1-C75.3, D18.0, D32-D33, D35.2-D35.4, D42-D43, D44.3-D44.5",All brain and CNS tumours (malignant and non-malignant),Male,2015-2019,37,35,25,35,34,38,73,97,109,132,178,234,266,295,273,231,177,86,44,2399,5.10705491326288,4.59044688656219,3.46849840379703,4.69023038411647,3.7889805302121,4.04687990883871,8.32031147598906,11.7102804189624,13.5080372821829,14.3194983836324,18.1292636870848,25.4004919445705,33.2215125529858,39.7680779616096,45.285798174634,54.7710050360872,61.7958502515475,58.5635584852468,71.1295041950242,18.1879853762229,17.4673833660386,18.9306817759462,19.4255666672296,18.6443253582405,20.222617496637,11.8227642326183,11.2857015615715,12.3721355999794,100
"C70-C72, C75.1-C75.3, D18.0, D32-D33, D35.2-D35.4, D42-D43, D44.3-D44.5",All brain and CNS tumours (malignant and non-malignant),Female,2015-2019,30,32,16,19,45,64,83,103,111,160,209,251,262,346,306,300,247,210,114,2908,4.38207614003363,4.37684049562248,2.32454075791651,2.66489754871503,5.06194128823031,6.76634336232289,9.13852350086926,11.9888724640043,13.1747145181793,16.2096885308349,20.0388888675823,25.8478294002068,30.9008178101935,43.598735384658,45.1421979234589,56.820979820976,60.9440153963828,83.2969735432946,77.9151544975498,20.9000024004817,20.1472109437056,21.6737257040813,20.3510458021851,19.6155096716824,21.0999306518626,12.1517826062918,11.6249677659273,12.6901080074576,100
C50,Breast,Male,2015-2019,0,0,0,0,0,0,0,1,0,4,8,15,14,22,17,22,16,10,5,134,0,0,0,0,0,0,0,0.120724540401675,0,0.433924193443405,0.814798367958869,1.62823666311349,1.74850066068346,2.96575496662852,2.81999475812739,5.21628619391307,5.58606555946192,6.80971610293567,8.08289820398002,1.0159191498182,0.85119811682318,1.20321667812603,1.14200079126751,0.952925514073812,1.3479335380939,0.470489443102086,0.389619452768328,0.558872236783919,100
C50,Breast,Female,2015-2019,0,0,0,1,13,87,254,602,1070,1833,3211,2711,2902,3339,2427,2115,1675,1143,647,24030,0,0,0,0.140257765721844,1.46233859437765,9.19799800815767,27.9660839665156,70.0708856634037,126.999500310377,185.702244231377,307.870201692855,279.177153402233,342.267836966342,420.740397252524,358.039589412532,400.587907737881,413.284314934985,453.373527428503,442.202675086971,172.705315572069,170.528511549913,174.902966570246,168.113668417779,165.988710908413,170.251954256863,93.8627432942373,92.5728914865314,95.1613956403238,100
D05,Carcinoma in situ of the breast,All,2015-2019,0,0,0,0,3,2,14,34,98,140,530,369,371,457,218,108,77,29,10,2460,0,0,0,0,0.167942469627604,0.106109070574734,0.784044031912832,2.01486018648124,5.94137439752645,7.33412821313396,26.1752954598209,19.4999762195412,22.5044887659533,29.7641920487273,17.0219942906045,11.3716529961147,11.1317200531431,7.26891735742269,4.8037200007686,9.07618460811913,8.72103106824962,9.44208939618122,8.59766952735966,8.26058437635971,8.94140121172218,5.22875046307276,5.01511085595373,5.44678380539334,100
D05,Carcinoma in situ of the breast,Male,2015-2019,0,0,0,0,1,0,0,0,0,0,0,2,1,1,1,1,3,1,0,11,0,0,0,0,0.111440603829768,0,0,0,0,0,0,0.217098221748466,0.124892904334533,0.13480704393766,0.165882044595729,0.237103917905139,1.04738729239911,0.680971610293567,0,0.0833963481194048,0.0416311565059602,0.14921910323226,0.0898832977304529,NA,NA,0.0399604127890404,NA,NA,100
D05,Carcinoma in situ of the breast,Female,2015-2019,0,0,0,0,2,2,14,34,98,140,530,367,370,456,217,107,74,28,10,2449,0,0,0,0,0.224975168365792,0.21144823007259,1.5414376989418,3.9574918813218,11.6317299349691,14.1834774644805,50.8163210517636,37.7934398003023,43.638559502945,57.4596050156187,32.0126044097731,20.2661494694815,18.258530928471,11.1062631391059,6.83466267522366,17.6011368221388,16.9108699176842,18.3123472224547,17.1054557569889,16.4333897597701,17.79080193101,10.4175405133565,9.99110715131156,10.8527605068535,100
C18-C20,Colorectal cancer,All,2015-2019,0,0,8,29,28,49,102,178,237,508,1087,1391,1991,2806,3066,2957,2735,1691,727,19590,0,0,0.567745928019752,1.98738354103776,1.56746304985764,2.59967222908099,5.7123208039363504,10.5483856821665,14.368425838916,26.6124080876575,53.684049367595,73.5080404373491,120.77206774397,182.753441769647,239.401075665107,311.351647310288,395.392913575928,423.853077634544,349.230444055877,72.2774213305096,71.2687968442734,73.2967501822733,75.8731546486556,74.7960983574471,76.9578037741035,32.2109970704343,31.7135912985768,32.7122197358859,100
C18-C20,Colorectal cancer,Male,2015-2019,0,0,4,11,9,24,40,86,120,261,540,795,1213,1645,1691,1615,1457,760,270,10541,0,0,0.554959744607526,1.4740724064366,1.00296543446791,2.55592415295076,4.55907478136387,10.382310474544,14.8712337051555,28.3135536221822,54.9988898372237,86.2965431450151,151.495092957789,221.75758727745,280.506537411378,382.9228274168,508.681095008501,517.538423823111,436.476503014921,79.9164459569678,78.3980300676735,81.4568772527555,89.3038460511809,87.5782303135649,91.046063342343,37.3195588032122,36.5568819354071,38.0900003398487,100
C18-C20,Colorectal cancer,Female,2015-2019,0,0,4,18,19,25,62,92,117,247,547,596,778,1161,1375,1342,1278,931,457,9049,0,0,0.581135189479129,2.52463978299319,2.13726409947502,2.64310287590738,6.82636695245656,10.7085074435766,13.8868612488917,25.0237066694763,52.4462785194617,61.375722400491,91.7589170088952,146.295178559503,202.844843610314,254.179183065833,315.329763872782,369.283249375273,312.344084257721,65.0358052688992,63.7026392832155,66.3898467674405,62.4424632461302,61.1581279960576,63.7399591449263,27.1024353376564,26.4661347357359,27.7461894229767,100
C18,Colon,All,2015-2019,0,0,8,29,20,36,73,116,143,314,679,829,1272,1930,2152,2157,2040,1279,577,13654,0,0,0.567745928019752,1.98738354103776,1.11961646418403,1.90996327034522,4.08822959497405,6.87422887152422,8.66955651883961,16.4494018494576,33.5340105985253,43.8088896639557,77.1582471975542,125.69997954933,168.033631712756,227.117180672402,294.918297511844,320.584320694608,277.174644044348,50.3765140809994,49.5350343604253,51.2287032657066,52.8182318133709,51.9197438039105,53.724320757994,21.7614963896057,21.3562023667904,22.170547366604,100
C18,Colon,Male,2015-2019,0,0,4,11,8,17,31,58,80,143,312,448,729,1051,1114,1123,1027,545,206,6907,0,0,0.554959744607526,1.4740724064366,0.891524830638142,1.81044627500679,3.533282955557,7.00202334329713,9.91415580343699,15.5127899156017,31.7771363503959,48.6300016716563,91.0469272598747,141.68220317848,184.792597679642,266.267699807472,358.555583097962,371.129527609994,333.015406003977,52.3653251327935,51.1375778475393,53.6151048045035,59.1654171526348,57.7531086866922,60.5945490259525,23.933377023186,23.3267877135118,24.547644118642,100
C18,Colon,Female,2015-2019,0,0,4,18,12,19,42,58,63,171,367,381,543,879,1038,1034,1013,734,371,6747,0,0,0.581135189479129,2.52463978299319,1.34985101019475,2.00875818568961,4.62431309682541,6.75101556225484,7.47754067248016,17.3241046173298,35.1879053320703,39.2351514003139,64.0425346218896,110.760949141949,153.129416485459,195.842977116297,249.944484196501,291.142755146563,253.565985250798,48.4911678803473,47.340931441723,49.6622914997795,46.4710464741069,45.3649560605292,47.5902741571242,19.5896157560255,19.0542690874657,20.1322760084307,100
C19-C20,Rectum and rectosigmoid junction,All,2015-2019,0,0,0,0,8,13,29,62,94,194,408,562,719,876,914,800,695,412,150,5936,0,0,0,0,0.447846585673612,0.689708958735774,1.6240912089623,3.67415681064225,5.69886932007639,10.1630062381999,20.1500387690697,29.6991507733934,43.6138205464163,57.0534622203175,71.3674439523509,84.2344666378866,100.474616064084,103.268756939936,72.0558000115289,21.9009072495102,21.3472713651704,22.4652685354384,23.0549228352847,22.4636407682838,23.653779082847,10.4495006808286,10.1624690428476,10.7404739837716,100
C19-C20,Rectum and rectosigmoid junction,Male,2015-2019,0,0,0,0,1,7,9,28,40,118,228,347,484,594,577,492,430,215,64,3634,0,0,0,0,0.111440603829768,0.745477877943972,1.02579182580687,3.38028713124689,4.9570779017185,12.8007637065805,23.2217534868278,37.6665414733588,60.448165697914,80.0753840989699,95.713939731735607,116.655127609329,150.125511910539,146.408896213117,103.461097010944,27.5511208241743,26.6625564608948,28.4617512859133,30.1384288985461,29.1525447879973,31.1404786979366,13.3861817800263,12.9264834812152,13.8537999132005,100
C19-C20,Rectum and rectosigmoid junction,Female,2015-2019,0,0,0,0,7,6,20,34,54,76,180,215,235,282,337,308,265,197,86,2302,0,0,0,0,0.787413089280271,0.634344690217771,2.20205385563115,3.9574918813218,6.40932057641156,7.69960205214657,17.2583731873914,22.1405710001771,27.7163823870056,35.5342294175537,49.7154271248551,58.3362059495354,65.3852796762812,78.1404942287097,58.7780990069235,16.5446373885519,15.8756165056965,17.2346062147142,15.9714167720233,15.3234927833955,16.6325690201194,7.51281958163087,7.17162101807931,7.86183611700869,100
C53,Cervix uteri,Female,2015-2019,0,0,0,0,17,147,246,224,209,188,129,127,106,85,78,67,49,23,11,1706,0,0,0,0,1.91228893110923,15.5414449103354,27.0852624242631,26.0728876887083,24.8064444531485,19.046384023731,12.3685007842972,13.0783838001046,12.5018575873302,10.7106719875605,11.5068347648032,12.6900188266846,12.090108317501,9.1230018642656,7.51812894274603,12.2611430863899,11.686158778267,12.8570989083894,12.3548761527547,11.7731291233961,12.9504549601326,9.64006792165131,9.16263040873551,10.1294604391885,100
D06,Carcinoma in situ of the cervix uteri,Female,2015-2019,0,0,0,1,926,3442,2945,1668,985,629,345,235,142,28,6,4,4,1,0,11361,0,0,0,0.140257765721844,104.163502953362,363.902403954928,324.252430241686,194.149895824846,116.910754958618,63.7243380368446,33.0785486091669,24.2001590001936,16.747771484914,3.52822136060816,0.885141135754096,0.75761306427968,0.986947617755188,0.396652254968069,0,81.6523133672189,80.1576910578632,83.1678032500047,80.5956380299532,79.1133615799082,82.0914811508841,82.8293008250564,81.2931219312406,84.3796592670271,100
C54,Corpus uteri,Female,2015-2019,0,0,0,0,0,3,10,38,61,129,274,550,606,689,628,489,314,173,77,4041,0,0,0,0,0,0.317172345108885,1.10102692781557,4.42307916147731,7.24015842890936,13.0690613779856,26.2710791852514,56.6386700004531,71.4728839426613,86.819447052108,92.6447722089287,92.6181971081909,77.4753879937822,68.620840109476,52.6269025992222,29.0429538171756,28.1543239815969,29.9524957842587,28.2352225584763,27.369356066444,29.1143850770716,14.0981641329186,13.6323774631924,14.5716660915991,100
C56,Ovary,Female,2015-2019,2,1,6,14,27,38,57,55,105,172,233,293,364,393,378,370,245,164,83,3000,0.292138409335575,0.136776265488202,0.871702784218693,1.96360872010581,3.03716477293819,4.01751637137921,6.27585348854877,6.40182510213821,12.4625677874669,17.4254151706475,22.3400052925678,30.1729642002414,42.930907186681,49.5211069542503,55.763891552508,70.0792084458704,60.4505415875052,65.0509698147634,56.7277002043564,21.5612129303456,20.7964986673356,22.3468570325699,21.0197960190318,20.2721146320963,21.7808278766136,11.3773094725767,10.9212821567109,11.8425336159241,100
C53-C55,Uterus,Female,2015-2019,0,0,0,1,17,150,257,268,275,334,428,694,736,803,732,576,384,211,101,5967,0,0,0,0.140257765721844,1.91228893110923,15.8586172554443,28.2963920448602,31.1943477704189,32.6400584909848,33.8377248081178,41.0365762455751,71.4677036005717,86.8053507950474,101.184348306013,107.987218562,109.096281256274,94.746971304498,83.6936257982627,69.030093019759,42.8852525184575,41.8039525566643,43.9874450739275,42.1192962599862,41.0541488390874,43.1978951537734,24.5266742191943,23.8472993492753,25.2154581301394,100
C52,Vagina,Female,2015-2019,1,0,0,0,0,0,1,4,1,6,7,9,18,16,20,17,9,6,3,118,0.146069204667788,0,0,0,0,0,0.110102692781557,0.465587280155506,0.118691121785399,0.607863319906308,0.671158957287444,0.926814600007415,2.12295694879192,2.01612649177609,2.95047045251365,3.21985552318864,2.22063213994917,2.37991352980842,2.0503988025671,0.848074375260262,0.701973576448139,1.01561595802767,0.831434743804054,0.687852996854,0.988423852233111,0.425301227668713,0.341710957741849,0.517900238783277,100
C51,Vulva,Female,2015-2019,0,0,0,0,0,7,9,16,22,29,56,61,66,67,84,63,76,50,43,649,0,0,0,0,0,0.740068805254066,0.990924235034016,1.86234912062202,2.61120467927879,2.93800604621382,5.36927165829955,6.28174340005025,7.78417547890371,8.44252968431239,12.3919759005573,11.932405762405,18.7520047373486,19.8326127484035,29.3890495034618,4.66440906393144,4.31240627733964,5.03748832503549,4.50025022149457,4.15950584878876,4.85421787594308,2.22536450689998,2.03526792326465,2.42382683107773,100
"C00-C14, C30-C32",Head and neck,All,2015-2019,4,2,3,3,17,17,33,75,144,334,610,852,1016,1061,859,675,430,222,113,6470,0.283870143602809,0.133906990882273,0.212904723007407,0.205591400797009,0.951673994556425,0.901927099885243,1.84810378950882,4.44454452900273,8.73018278820213,17.4971344513339,30.1262834537562,45.0243353361764,61.6295433590527,69.1024239905901,67.0729041083911,71.0728312257168,62.1641509461239,55.6448156326841,54.2820360086851,23.871103420541,23.2929468052678,24.4599834662168,24.8283546667872,24.2205747642488,25.4435613267852,12.9414491636175,12.6060310492933,13.2812100319155,100
"C00-C14, C30-C32",Head and neck,Male,2015-2019,2,0,2,1,8,10,21,33,97,246,439,635,724,776,612,474,268,129,46,4523,0.276057022338534,0,0.277479872303763,0.134006582403328,0.891524830638142,1.06496839706282,2.39351426021603,3.98390983325526,12.0209139116673,26.6863378967694,44.7120604417429,68.9286854051378,90.422462738202,104.610266095624,101.519811292586,112.387257087036,93.5665981209872,87.8453377278701,74.3626634766162,34.2910620494607,33.298916480876,35.305260999627,36.0588576252474,35.0040499117473,37.1291049723988,18.7210653818946,18.1499795165956,19.3008740001661,100
"C00-C14, C30-C32",Head and neck,Female,2015-2019,2,2,1,2,9,7,12,42,47,88,171,217,292,285,247,201,162,93,67,1947,0.292138409335575,0.273552530976405,0.145283797369782,0.280515531443687,1.01238825764606,0.740068805254066,1.32123231337869,4.88866644163281,5.57848272391377,8.91532869195918,16.3954545280218,22.3465298001788,34.4390793915134,35.9122531347617,36.4383100885436,38.0700564800539,39.9713785190851,36.8886597120305,45.7922399239986,13.9932271917943,13.3785022843126,14.6289127849489,13.597851708327,12.9989477312453,14.2100545449408,7.16183294534032,6.81297925980081,7.51927437835518,100
C32,Larynx,All,2015-2019,0,0,0,0,2,1,4,11,20,52,106,171,229,272,213,185,89,48,21,1424,0,0,0,0,0.111961646418403,0.0530545352873672,0.224012580546523,0.6518665309204,1.2125253872503,2.72410476487833,5.23505909196418,9.03657434564104,13.8909108555345,17.7152302784548,16.6315815775172,19.4792204100113,12.8665335679187,12.0313114881479,10.0878120016141,5.25385645608197,4.98448787239426,5.53399904925284,5.61120733713825,5.32007691619065,5.90998385194162,2.75317096239764,2.60424205575298,2.90618256971857,100
C32,Larynx,Male,2015-2019,0,0,0,0,1,1,2,7,11,39,82,141,171,222,172,154,74,41,14,1132,0,0,0,0,0.111440603829768,0.106496839706282,0.227953739068193,0.845071782811723,1.36319642297259,4.2307608860732,8.35168327157841,15.3054246332668,21.3566866412052,29.9271637541605,28.5317116704654,36.5140033573915,25.8355532125114,27.9198360220362,22.6321149711441,8.58224237010602,8.08951254215554,9.09713521990899,9.16364414937929,8.63113430735575,9.71186878830144,4.39605256292044,4.13099589438817,4.66923441260849,100
C32,Larynx,Female,2015-2019,0,0,0,0,1,0,2,4,9,13,24,30,58,50,41,31,15,7,7,292,0,0,0,0,0.112487584182896,0,0.220205385563115,0.465587280155506,1.06822009606859,1.31703719313033,2.30111642498552,3.08938200002471,6.84063905721841,6.30039528680029,6.04846442765299,5.87150124816752,3.70105356658195,2.77656578477649,4.78426387265656,2.09862472522031,1.86479406512518,2.35366555952557,2.05877052489721,1.82892156252509,2.30202734629675,1.11028936187483,0.977592789825534,1.25130821781614,100
C00-C14,"Lip, oral cavity and pharynx",All,2015-2019,2,2,2,2,15,15,25,56,120,273,482,656,767,760,614,449,318,163,90,4811,0.141935071801404,0.133906990882273,0.141936482004938,0.137060933864673,0.839712348138022,0.795818029310509,1.40007862841577,3.31859324832204,7.27515232350177,14.3015500156112,23.8047026634598,34.6666243902955,46.5254525161353,49.4984375427413,47.9426811671154,47.2765944005138,45.9725581415521,40.8563285951689,43.2334800069174,17.7502130689679,17.2521438826504,18.2590128355217,18.3297580199132,17.8101490413033,18.8567341334744,9.73431204512298,9.44206401559762,10.0309521859455,100
C00-C14,"Lip, oral cavity and pharynx",Male,2015-2019,1,0,1,1,7,8,17,24,83,200,344,480,539,536,421,297,187,85,32,3263,0.138028511169267,0,0.138739936151881,0.134006582403328,0.780084226808375,0.851974717650254,1.93760678207964,2.89738896964019,10.2859366460659,21.6962096721703,35.0363298222314,52.1035732196318,67.3172754363134,72.2565755505857,69.8363407748019,70.4198636178264,65.2871412262112,57.8825868749532,51.7305485054721,24.7383894466925,23.896781981806,25.6020697947765,25.8660958623138,24.9767081450353,26.7708256293653,13.7847086252616,13.2911479998524,14.2871414761998,100
C00-C14,"Lip, oral cavity and pharynx",Female,2015-2019,1,2,1,1,8,7,8,32,37,73,138,176,228,224,193,152,131,78,58,1548,0.146069204667788,0.273552530976405,0.145283797369782,0.140257765721844,0.899900673463166,0.740068805254066,0.880821542252459,3.72469824124405,4.39157150605978,7.39567039219341,13.2314194436668,18.124374400145,26.890788018031,28.2257708848653,28.4720398667568,28.7892964426279,32.3225344814824,30.9388758875094,39.6410435162973,11.1255858720584,10.5781999966215,11.6939516912261,10.7934201775126,10.2609952283142,11.3391223307016,5.68391546498435,5.37391654123658,6.00248467783214,100
C03-C06,Mouth (IARC definition),All,2015-2019,0,1,0,0,1,2,1,5,22,45,93,121,192,200,181,152,105,53,31,1205,0,0.0669534954411365,0,0,0.0559808232092015,0.106109070574734,0.0560031451366309,0.296302968600182,1.33377792597533,2.35739835422163,4.59302354294971,6.39430114516121,11.6465278788761,13.0259046165109,14.1329402137588,16.0045486611984,15.1796182542861,13.2845731014966,14.8915320023826,4.44585465560307,4.19834637879271,4.70414521818848,4.57384498818483,4.31641199430997,4.8386291382116,2.21546329474355,2.0825484079572,2.35243171429357,100
C03-C06,Mouth (IARC definition),Male,2015-2019,0,0,0,0,0,1,0,4,14,26,57,85,120,124,114,90,48,17,8,708,0,0,0,0,0,0.106496839706282,0,0.482898161606699,1.73497726560147,2.82050725738214,5.80543837170694,9.22667442430979,14.987148520144,16.7160734482698,18.9105530839131,21.3393526114626,16.7581966783858,11.5765173749906,12.932637126368,5.3676922244126,4.97953732540748,5.77806796730037,5.70483488026914,5.28768488395133,6.13759723090315,2.80641760895452,2.59312463121282,3.02802038623755,100
C03-C06,Mouth (IARC definition),Female,2015-2019,0,1,0,0,1,1,1,1,8,19,36,36,72,76,67,62,57,36,23,497,0,0.136776265488202,0,0,0.112487584182896,0.105724115036295,0.110102692781557,0.116396820038877,0.949528974283195,1.92490051303664,3.45167463747828,3.70725840002966,8.49182779516768,9.57660083593645,9.88407601592074,11.743002496335,14.0640035530114,14.2794811788505,15.7197241530144,3.57197427546059,3.26480084134963,3.90026314992647,3.44285509610051,3.14599582109282,3.75290660721782,1.62450898053258,1.46856951227281,1.7882037927361,100
C01-C06,Oral cavity,All,2015-2019,1,1,1,0,5,3,10,21,52,126,217,309,414,424,328,257,182,102,51,2504,0.0709675359007022,0.0669534954411365,0.070968241002469,0,0.279904116046007,0.159163605862102,0.560031451366309,1.24447246812076,3.15256600685077,6.60071539182056,10.7170549335493,16.3292483789654,25.1128257388266,27.614917787003,25.6110739785242,27.0603224074211,26.3113383074292,25.5665369123143,24.4989720039198,9.23852286940256,8.88017589904879,9.60762044834323,9.48866525850928,9.11702365746502,9.86762719755575,4.88180537363899,4.67876580465228,5.08909712617907,100
C01-C06,Oral cavity,Male,2015-2019,1,0,0,0,2,2,7,10,36,85,142,221,275,279,209,160,89,47,13,1578,0.138028511169267,0,0,0,0.222881207659536,0.212993679412563,0.797838086738677,1.20724540401675,4.46137011154665,9.22088911067237,14.4626710312699,23.9893535032055,34.3455486919966,37.6111652586071,34.6693473205073,37.9366268648223,31.0724896745069,32.0056656837976,21.0155353303481,11.9635852120382,11.3805214218454,12.5687785020644,12.5462056999391,11.9286436533281,13.1791342812677,6.5493957309401,6.21365757631049,6.89384326663614,100
C01-C06,Oral cavity,Female,2015-2019,0,1,1,0,3,1,3,11,16,41,75,88,139,145,119,97,93,55,38,926,0,0.136776265488202,0.145283797369782,0,0.337462752548687,0.105724115036295,0.330308078344672,1.28036502042764,1.89905794856639,4.15373268602644,7.19098882807976,9.0621872000725,16.393945326782,18.2711463317209,17.5552991924562,18.3721168087823,22.9465321128081,21.8158740232438,25.9717181658499,6.65522772450002,6.23342240147925,7.09806498573774,6.43112481707945,6.02248114342462,6.85299207358727,3.21421501633788,2.9887024030771,3.4478134340368,100
C07-C08,Salivary glands,All,2015-2019,0,0,0,0,5,9,8,7,13,15,23,30,27,36,30,23,27,18,12,283,0,0,0,0,0.279904116046007,0.477490817586305,0.448025161093047,0.414824156040255,0.788141501712692,0.78579945140721,1.13590904825638,1.5853639202879,1.63779298296695,2.34466283097195,2.34247627852355,2.42174091583924,3.90333040824499,4.51174180805546,5.76446400092231,1.04413018052753,0.926012231346645,1.17313971851394,1.07981908284619,0.955673446626714,1.21143578842457,0.582108510268121,0.509259079019745,0.659756970438647,100
C07-C08,Salivary glands,Male,2015-2019,0,0,0,0,2,3,4,2,7,6,12,12,12,20,17,16,19,7,4,143,0,0,0,0,0.222881207659536,0.319490519118845,0.455907478136387,0.241449080803349,0.867488632800737,0.650886290165108,1.2221975519383,1.30258933049079,1.4987148520144,2.6961408787532,2.81999475812739,3.79366268648223,6.63345285186103,4.76680127205497,6.46631856318402,1.08415252555226,0.913745546234362,1.27711603070788,1.18854451589413,0.998319216960554,1.39511303371028,0.584236292073724,0.483929369274219,0.693849993452657,100
C07-C08,Salivary glands,Female,2015-2019,0,0,0,0,3,6,4,5,6,9,11,18,15,16,13,7,8,11,8,140,0,0,0,0,0.337462752548687,0.634344690217771,0.440410771126229,0.581984100194383,0.712146730712396,0.911794979859462,1.0546783614517,1.85362920001483,1.76913079065993,2.01612649177609,1.91780579413387,1.32582286248944,1.97389523551038,4.36317480464876,5.46773014017893,1.00618993674946,0.846425454429514,1.1873435852644,0.971093649798244,0.816420532117794,1.13898556761689,0.579980728462519,0.477147458066739,0.692699397745396,100
C73,Thyroid,All,2015-2019,1,0,4,26,39,83,119,126,119,152,169,158,121,143,106,81,49,33,13,1542,0.0709675359007022,0,0.283872964009876,1.78179214024075,2.18325210515886,4.40352642885148,6.66437427125907,7.46683480872458,7.21452605413926,7.96276777425972,8.34646213718818,8.34958331351628,7.33973892366672,9.31352180080526,8.27674951744989,8.52873974708601,7.08382185200017,8.27152664810168,6.24483600099917,5.68921815679662,5.4087678092979,5.98043880299712,5.64940520398559,5.36927696704336,5.93655635942058,4.0892914037907,3.87098055611088,4.31350648720137,100
C73,Thyroid,Male,2015-2019,0,0,1,5,4,24,22,33,24,33,39,50,49,53,54,27,11,8,2,439,0,0,0.138739936151881,0.670032912016638,0.445762415319071,2.55592415295076,2.50749112975013,3.98390983325526,2.9742467410311,3.57987459590809,3.97214204379949,5.42745554371164,6.11975231239212,7.14477332869597,8.95763040816936,6.40180578343877,3.84042007213007,5.44777288234854,3.23315928159201,3.32827243858352,3.02417444237596,3.6546656936043602,3.43022747092227,3.1143465427223,3.7611474595384,2.25682411832933,2.03634721361441,2.48847051678887,100
C73,Thyroid,Female,2015-2019,1,0,3,21,35,59,97,93,95,119,130,108,72,90,52,54,38,25,11,1103,0.146069204667788,0,0.435851392109346,2.94541308015872,3.93706544640135,6.23772278714141,10.6799611998111,10.8249042636155,11.2756565696129,12.0559558448084,12.4643806353382,11.121775200089,8.49182779516768,11.3407115162405,7.6712231765355,10.2277763677757,9.37600236867428,9.91630637420174,7.51812894274603,7.92733928739041,7.46635361427627,8.40933769523224,7.8685829370489,7.40936538965501,8.34141231696539,5.92175868925206,5.54738862759136,6.3081799063845,100
C01-C02,Tongue,All,2015-2019,1,0,1,0,4,1,9,16,30,81,124,188,222,224,147,105,77,49,20,1299,0.0709675359007022,0,0.070968241002469,0,0.223923292836806,0.0530545352873672,0.504028306229678,0.948169499520582,1.81878808087544,4.24331703759893,6.12403139059961,9.93494723380419,13.4662978599505,14.5890131704922,11.4781337647654,11.0557737462226,11.1317200531431,12.2819638108177,9.60744000153719,4.79266821379949,4.5355522620746,5.06056264358975,4.91482027032446,4.64890389620803,5.18802788803308,2.66634207889544,2.51401788574202,2.82308326005079,100
C01-C02,Tongue,Male,2015-2019,1,0,0,0,2,1,7,6,22,59,85,136,155,155,95,70,41,30,5,870,0.138028511169267,0,0,0,0.222881207659536,0.106496839706282,0.797838086738677,0.724347242410048,2.72639284594517,6.40038185329023,8.65723265956298,14.7626790788957,19.3584001718526,20.8950918103373,15.7587942365942,16.5972742533598,14.3142929961212,20.429148308807,8.08289820398002,6.59589298762565,6.16482690274918,7.04915286999751,6.84137081966998,6.3903668109012,7.30753506201318,3.74297812198558,3.48601402585618,4.00895044333637,100
C01-C02,Tongue,Female,2015-2019,0,0,1,0,2,0,2,10,8,22,39,52,67,69,52,35,36,19,15,429,0,0,0.145283797369782,0,0.224975168365792,0,0.220205385563115,1.16396820038877,0.949528974283195,2.2288321729898,3.73931419060147,5.35492880004284,7.90211753161437,8.69454549578441,7.6712231765355,6.6291143124472,8.88252855979669,7.53639284439332,10.2519940128355,3.08325344903943,2.79835724256545,3.389288876603,2.98826972097894,2.71149222905616,3.27830468535144,1.5897060358053,1.42916901674464,1.75866498244962,100
"C01, C02.4, C05.1, C05.2, C09, C10",Oropharyngeal cancers,All,2015-2019,1,1,0,0,1,2,6,23,53,134,256,367,373,291,206,122,59,30,9,1934,0.0709675359007022,0.0669534954411365,0,0,0.0559808232092015,0.106109070574734,0.336018870819785,1.36299365556084,3.21319227621328,7.01980843257107,12.6431615805927,19.394285291522,22.6258067646916,18.9526912170233,16.0850037791951,12.8457561622777,8.52949978097979,7.51956968009244,4.32334800069174,7.13550448459447,6.82100055116707,7.46076892637585,7.25207069039456,6.93068619220955,7.58063675027724,4.23289604800041,4.03798915937504,4.43233231200572,100
"C01, C02.4, C05.1, C05.2, C09, C10",Oropharyngeal cancers,Male,2015-2019,1,0,0,0,0,2,6,11,40,111,199,282,282,218,148,83,36,17,3,1439,0.138028511169267,0,0,0,0,0.212993679412563,0.68386121720458,1.32796994441842,4.9570779017185,12.0413963680545,20.2681094029769,30.6108492665337,35.2197990223383,29.3879355784098,24.5505426001679,19.6796251861266,12.5686475087893,11.5765173749906,4.84973892238801,10.9097586312567,10.3532931894281,11.4883623318958,11.0360538541428,10.470078876536,11.6167170515947,6.50105488380662,6.15731289076522,6.85400199466845,100
"C01, C02.4, C05.1, C05.2, C09, C10",Oropharyngeal cancers,Female,2015-2019,0,1,0,0,1,0,0,12,13,23,57,85,91,73,58,39,23,13,6,495,0,0.136776265488202,0,0,0.112487584182896,0,0,1.39676184046652,1.54298458321019,2.33014272630751,5.46515150934061,8.75324900007003,10.7327267966703,9.19857711872843,8.5563643122896,7.38672737672688,5.67494880209233,5.1564793145849,4.1007976051342,3.55760013350703,3.25105930552336,3.88525703086712,3.46808752664637,3.16863674456826,3.78086506518968,1.96473721219419,1.78423106715011,2.15381631467968,100
C81,Hodgkin lymphoma,All,2015-2019,0,10,26,67,75,68,76,56,41,59,56,52,57,57,61,57,43,15,5,881,0,0.669534954411365,1.84517426606419,4.59154128446654,4.19856174069011,3.60770839954097,4.25623903038395,3.31859324832204,2.48567704386311,3.09081117553502,2.76569159575466,2.74796412849903,3.45756296404135,3.71238281570559,4.76303509966456,6.00170574794942,6.21641509461239,3.75978484004622,2.4018600003843,3.25045473160689,3.03933350654746,3.4723757369961,3.29196436306424,3.07642051044267,3.51470272489844,2.77253511277447,2.57168921344507,2.98082526065787,100
C81,Hodgkin lymphoma,Male,2015-2019,0,7,17,34,38,35,33,36,25,42,32,33,36,23,41,31,20,9,3,495,0,0.918089377312438,2.35857891458198,4.55622380171314,4.23474294553118,3.72738938971986,3.76123669462519,4.34608345446029,3.09817368857406,4.55620403115576,3.25919347183548,3.58212065884968,4.49614455604319,3.10056201056618,6.80116382842488,7.35022145505932,6.9825819493274,6.1287444926421,4.84973892238801,3.75283566537321,3.42947235612572,4.09847386086268,3.84339079737518,3.50907586517034,4.19269948863796,3.14910748357598,2.8501353993093,3.46277676177256,100
C81,Hodgkin lymphoma,Female,2015-2019,0,3,9,33,37,33,43,20,16,17,24,19,21,34,20,26,23,6,2,386,0,0.410328796464607,1.30755417632804,4.62850626882084,4.16204061476714,3.48889579619774,4.73441578960697,2.32793640077753,1.89905794856639,1.72227940640121,2.30111642498552,1.95660860001565,2.47678310692391,4.2842687950242,2.95047045251365,4.92448491781792,5.67494880209233,2.37991352980842,1.36693253504473,2.77420939703781,2.50432440257268,3.0652517770489,2.7405379287533,2.47304754293067,3.02156652068477,2.39596274197296,2.13238887166589,2.67467299740466,100
C64-C65,Kidney,All,2015-2019,25,8,2,2,5,15,42,65,132,297,393,549,703,822,796,675,549,351,142,5573,1.77418839751756,0.535627963529092,0.141936482004938,0.137060933864673,0.279904116046007,0.795818029310509,2.3521320957385,3.85193859180236,8.00266755585195,15.5588291378628,19.4092285202068,29.0121597412686,42.6432765565099,53.5364679738596,62.1537039234916,71.0728312257168,79.3677183009815,87.9789652570816,68.212824010914,20.5616165939219,20.0252848374927,21.1086752505543,21.5626938088043,20.9918126651332,22.1411272624232,10.5508455280068,10.2444053377021,10.8617388400441,100
C64-C65,Kidney,Male,2015-2019,11,5,0,2,2,6,21,45,92,204,245,365,440,539,513,405,311,179,69,3454,1.51831362286194,0.655778126651741,0,0.268013164806655,0.222881207659536,0.63898103823769,2.39351426021603,5.43260431807536,11.4012791739525,22.1301338656137,24.9532000187404,39.620425469095,54.9528779071946,72.6609966823986,85.0974888776089,96.0270867515815,108.579149312041,121.893918242548,111.543995214924,26.1864533094931,25.3203558756171,27.0746199972444,28.4313601001749,27.476520756434,29.4022806378268,13.8319674509586,13.3361286448855,14.3367301742387,100
C64-C65,Kidney,Female,2015-2019,14,3,2,0,3,9,21,20,40,93,148,184,263,283,283,270,238,172,73,2119,2.04496886534903,0.410328796464607,0.290567594739564,0,0.337462752548687,0.951517035326656,2.3121565484127,2.32793640077753,4.74764487141597,9.42188145854777,14.1902179540774,18.9482096001516,31.0187598629042,35.6602373232897,41.7491569030682,51.1388818388784,58.7233832564337,68.2241878545079,49.8930375291327,15.2294033998008,14.5878036812557,15.891957231124,14.6940275174337,14.0731415384764,15.3281281347468,7.26972360505494,6.91251762354259,7.63580178571019,100
C91-C95,Leukaemias,All,2015-2019,112,61,39,34,41,32,55,53,80,111,199,238,320,424,490,505,407,261,127,3589,7.94836402087865,4.08416322190933,2.76776139909629,2.33003587569944,2.29521375157726,1.69774512919575,3.0801729825147,3.14081146716193,4.85010154900118,5.81491594041335,9.82808263491389,12.577220434284,19.4108797981268,27.614917787003,38.2604458825514,53.1730070651659,58.8390917094708,65.4202562168042,61.0072440097612,13.2416368124145,12.8119273092399,13.6820850846854,14.0280744780997,13.5648216730788,14.4989968021259,7.7759769751626,7.45749050276711,8.10102965314519,100
C91-C95,Leukaemias,Male,2015-2019,54,33,22,19,28,18,35,24,39,57,117,143,198,286,309,306,235,141,58,2122,7.45353960314042,4.32813563590149,3.05227859534139,2.54612506566323,3.1203369072335,1.91694311471307,3.98919043369339,2.89738896964019,4.83315095417553,6.18341975656853,11.9164261313985,15.5225228550153,24.7287950582376,38.5548145661707,51.2575517800802,72.5537988789727,82.045337904597,96.0169970513929,93.7616191661682,16.0879137008524,15.4106199408539,16.7873113891534,17.7955384572386,17.032412914182,18.5751530070224,9.30844285411857,8.83443380471348,9.79466441169534,100
C91-C95,Leukaemias,Female,2015-2019,58,28,17,15,13,14,20,29,41,54,82,95,122,138,181,199,172,120,69,1467,8.47201387073168,3.82973543366967,2.4698245552863,2.10386648582765,1.46233859437765,1.48013761050813,2.20205385563115,3.37550778112742,4.86633599320137,5.47076987915677,7.8621477853672,9.78304300007826,14.3889304307008,17.3890909915688,26.7017575952486,37.6912499479141,42.4387475634731,47.5982705961683,47.1591724590433,10.543433122939,10.0107429495727,11.0971080792309,10.2606104989607,9.74037525850835,10.794189629982201,6.24351109620664,5.82228043840111,6.67924450746948,100
C91.0,Acute lymphoblastic leukaemia,All,2015-2019,99,52,27,17,15,6,11,9,7,3,16,8,4,21,10,8,6,3,6,328,7.02578605416952,3.4815817629391,1.91614250706666,1.16501793784972,0.839712348138022,0.318327211724203,0.61603459650294,0.533345343480327,0.424383885537603,0.157159890281442,0.790197598787047,0.422763712076774,0.242635997476586,1.36771998473364,0.780825426174518,0.842344666378866,0.867406757387776,0.751956968009244,2.88223200046116,1.21015794774922,1.08272232711423,1.34847013783072,1.217190043267,1.08785080613651,1.35368928772978,1.8089157390266,1.59798511397755,2.0327324494586,100
C91.0,Acute lymphoblastic leukaemia,Male,2015-2019,50,28,16,11,11,4,6,6,4,1,10,4,2,11,5,5,5,1,3,183,6.90142555846336,3.67235750924975,2.2198389784301,1.4740724064366,1.22584664212745,0.425987358825127,0.68386121720458,0.724347242410048,0.49570779017185,0.108481048360851,1.01849795994859,0.434196443496931,0.249785808669066,1.48287748331426,0.829410222978644,1.1855195895257,1.74564548733185,0.680971610293567,4.84973892238801,1.38741197325919,1.19367146497563,1.60363871720076,1.37408204335869,1.17945955719532,1.58334861547961,1.9502743072716,1.65077051952069,2.27437730457642,100
C91.0,Acute lymphoblastic leukaemia,Female,2015-2019,49,24,11,6,4,2,5,3,3,2,6,4,2,10,5,3,1,2,3,145,7.15739102872159,3.28263037171686,1.5981217710676,0.841546594331062,0.449950336731583,0.21144823007259,0.550513463907787,0.34919046011663,0.356073365356198,0.202621106635436,0.575279106246381,0.411917600003295,0.235884105421324,1.26007905736006,0.737617613128413,0.56820979820976,0.246736904438797,0.793304509936139,2.0503988025671,1.04212529163337,0.879408936046087,1.22622073628222,1.06029804317531,0.894471360080878,1.24001755581308,1.6675571707816,1.3783724796621,1.98387035937654,100
C92.0,Acute myeloid leukaemia,All,2015-2019,6,4,8,7,14,12,13,16,21,31,46,63,71,85,109,112,114,82,33,847,0.425805215404213,0.267813981764546,0.567745928019752,0.479713268526355,0.78373152492882,0.636654423448407,0.728040886776201,0.948169499520582,1.27315165661281,1.62398553290823,2.27181809651276,3.32926423260459,4.3067889552094,5.53600946201711,8.51099714530224,11.7928253293041,16.4807283903677,20.5534904589193,15.8522760025364,3.12501152970606,2.91807315437168,3.34275208197753,3.29673834322049,3.07409921402052,3.52705056491412,1.63124263337992,1.50191720162024,1.76583295527589,100
C92.0,Acute myeloid leukaemia,Male,2015-2019,2,2,4,4,10,7,9,6,6,15,23,33,35,57,61,73,56,40,15,458,0.276057022338534,0.262311250660696,0.554959744607526,0.536026329613311,1.11440603829768,0.745477877943972,1.02579182580687,0.724347242410048,0.743561685257774,1.62721572541277,2.34254530788175,3.58212065884968,4.37125165170866,7.68400150444661,10.1188047203395,17.3085860070752,19.5512294581167,27.2388644117427,24.2486946119401,3.47232067624431,3.16155536688513,3.80537391683089,3.90300795462547,3.54662807788874,4.27620459293601,1.82435575853072,1.63643841133119,2.0223395017835,100
C92.0,Acute myeloid leukaemia,Female,2015-2019,4,2,4,3,4,5,4,10,15,16,23,30,36,28,48,39,58,42,18,389,0.58427681867115,0.273552530976405,0.581135189479129,0.420773297165531,0.449950336731583,0.528620575181475,0.440410771126229,1.16396820038877,1.78036682678099,1.62096885308349,2.20523657394446,3.08938200002471,4.24591389758384,3.52822136060816,7.08112908603277,7.38672737672688,14.3107404574502,16.6593947086589,12.3023928154026,2.79577060996815,2.52481199585629,3.08788524588315,2.69046873181551,2.42864702427455,2.96550023607607,1.43812950822912,1.26368616684258,1.62368744321877,100
C91.1,Chronic lymphocytic leukaemia,All,2015-2019,1,1,0,1,0,0,2,1,15,25,67,91,136,192,214,219,140,83,33,1221,0.0709675359007022,0.0669534954411365,0,0.0685304669323364,0,0,0.112006290273262,0.0592605937200364,0.909394040437722,1.30966575234535,3.30895244492076,4.8089372248733,8.24962391420391,12.5048684318504,16.7096641201347,23.0591852421214,20.2394910057148,20.8041427815891,15.8522760025364,4.50488675061523,4.25571732348312,4.76483778456598,4.83077587948882,4.55939414768037,5.10989205372387,2.04441323834152,1.92117189865332,2.17143169793355,100
C91.1,Chronic lymphocytic leukaemia,Male,2015-2019,0,0,0,1,0,0,2,1,8,16,46,65,95,133,151,131,89,49,17,804,0,0,0,0.134006582403328,0,0,0.227953739068193,0.120724540401675,0.991415580343699,1.73569677377362,4.6850906157635,7.05569220682513,11.8648259117806,17.9293368437088,25.0481887339551,31.0606132455733,31.0724896745069,33.3676089043848,27.4818538935321,6.09551489890922,5.68140321154019,6.53183041539695,6.75309423623029,6.28735214738109,7.23524100401236,2.85061139160692,2.64493949573539,3.06387468829311,100
C91.1,Chronic lymphocytic leukaemia,Female,2015-2019,1,1,0,0,0,0,0,0,7,9,21,26,41,59,63,88,51,34,16,417,0.146069204667788,0.136776265488202,0,0,0,0,0,0,0.830837852497795,0.911794979859462,2.01347687186233,2.67746440002142,4.83562416113715,7.43446643842435,9.29398192541801,16.667487414153,12.5835821263786,13.4861766689144,10.9354602803579,2.99700859731804,2.71622273788537,3.29893846471909,2.90845752274735,2.6351294943442,3.19507907269062,1.23821508507613,1.10504445534665,1.37885266704032,100
C92.1-C92.2,Chronic myeloid leukaemia,All,2015-2019,1,1,3,4,7,8,14,18,20,25,32,31,44,31,34,33,23,8,6,343,0.0709675359007022,0.0669534954411365,0.212904723007407,0.274121867729346,0.39186576246441,0.424436282298938,0.784044031912832,1.06669068696065,1.2125253872503,1.30966575234535,1.58039519757409,1.6382093842975,2.66899597224244,2.01901521555918,2.65480644899336,3.47467174881282,3.32505923665314,2.00521858135798,2.88223200046116,1.26550053682311,1.13510304000048,1.40677026231721,1.30653864774713,1.17040622097841,1.45005225159642,0.820705743552677,0.726399173373195,0.920684582343942,100
C92.1-C92.2,Chronic myeloid leukaemia,Male,2015-2019,0,1,1,0,4,5,11,9,10,13,16,14,28,18,19,17,13,4,3,186,0,0.131155625330348,0.138739936151881,0,0.445762415319071,0.532484198531409,1.25374556487506,1.08652086361507,1.23926947542962,1.41025362869107,1.62959673591774,1.51968755223926,3.49700132136693,2.42652679087788,3.15175884731885,4.03076660438737,4.53867826706281,2.72388644117427,4.84973892238801,1.41015643183721,1.21477422723405,1.6280205274949,1.49432735642053,1.28451244983864,1.71978150857113,0.900998528761162,0.76576334762462706,1.04706837868993,100
C92.1-C92.2,Chronic myeloid leukaemia,Female,2015-2019,1,0,2,4,3,3,3,9,10,12,16,17,16,13,15,16,10,4,3,157,0.146069204667788,0,0.290567594739564,0.561031062887374,0.337462752548687,0.317172345108885,0.330308078344672,1.04757138034989,1.18691121785399,1.21572663981262,1.53407761665701,1.75064980001401,1.8870728433706,1.63810277456808,2.21285283938524,3.03045225711872,2.46736904438797,1.58660901987228,2.0503988025671,1.12837014335476,0.95877069428833,1.31932647270112,1.11874993907373,0.950049744905707,1.30103409020142,0.740412958344192,0.612455525358868,0.880328589379189,100
C22,Liver and intrahepatic bile ducts,All,2015-2019,6,0,0,2,3,7,6,9,17,66,150,230,360,489,509,505,435,260,116,3170,0.425805215404213,0,0,0.137060933864673,0.167942469627604,0.371381747011571,0.336018870819785,0.533345343480327,1.03064657916275,3.45751758619172,7.40810248862856,12.1544567222073,21.8372397728927,31.848336787369,39.7440141922829,53.1730070651659,62.8869899106137,65.1696038941345,55.7231520089157,11.6957338242836,11.2920975110846,12.1101127524015,12.5391256913077,12.0990842342317,12.9869172351444,5.21645320493786,5.01798035825663,5.41872159106012,100
C22,Liver and intrahepatic bile ducts,Male,2015-2019,3,0,0,1,2,4,4,6,8,50,107,175,270,354,360,335,278,141,47,2145,0.414085533507801,0,0,0.134006582403328,0.222881207659536,0.425987358825127,0.455907478136387,0.724347242410048,0.991415580343699,5.42405241804257,10.8979281714499,18.9960944029907,33.7210841703239,47.7216935539316,59.7175360544624,79.4298124982217,97.0578890956509,96.0169970513929,75.9792431174122,16.2622878832839,15.581294367298,16.965384465947,18.0315510265011,17.2646179103646,18.814917176396,7.57896637315529,7.2385615661705,7.92708291420031,100
C22,Liver and intrahepatic bile ducts,Female,2015-2019,3,0,0,1,1,3,2,3,9,16,43,55,90,135,149,170,157,119,69,1025,0.438207614003363,0,0,0.140257765721844,0.112487584182896,0.317172345108885,0.220205385563115,0.34919046011663,1.06822009606859,1.62096885308349,4.12283359476573,5.66386700004531,10.6147847439596,17.0110672743608,21.9810048712267,32.1985552318864,38.7376939968911,47.2016183412003,47.1591724590433,7.36674775120143,6.92260826959503,7.83190781752118,7.04670035611426,6.62041389630488,7.48609899414285,2.85394003672043,2.65247045343381,3.06267954951049,100
C33-C34,"Trachea, bronchus and lung",All,2015-2019,1,1,2,0,4,16,20,54,152,385,821,1720,2768,4267,5198,4883,3709,2046,841,26888,0.0709675359007022,0.0669534954411365,0.141936482004938,0,0.223923292836806,0.848872564597876,1.12006290273262,3.20007206088196,9.21519294310225,20.1688525861184,40.5470142877603,90.8941980965064,167.904110253797,277.907674993259,405.873056525514,514.146125741,536.201943858543,512.834652182304,403.992852064639,99.2034356679297,98.0211774438189,100.396394481877,104.088731532477,102.827463521177,105.357581411389,41.5104244748987,40.9729163591304,42.0513869377866,100
C33-C34,"Trachea, bronchus and lung",Male,2015-2019,0,1,0,0,2,7,7,28,84,206,399,803,1384,2114,2607,2405,1798,937,358,13140,0,0.131155625330348,0,0,0.222881207659536,0.745477877943972,0.797838086738677,3.38028713124689,10.4098635936088,22.3470959623354,40.6380686019486,87.164936032009,172.851779598994,284.982090884213,432.454490261065,570.23492256186,627.734117244534,638.070398845072,578.735511404969,99.6207285717253,97.9245855299925,101.338879489032,112.686174710426,110.735442622763,114.653703252734,43.8812543815244,43.0869223272171,44.6827412100664,100
C33-C34,"Trachea, bronchus and lung",Female,2015-2019,1,0,2,0,2,9,13,26,68,179,422,917,1384,2153,2591,2478,1911,1109,483,13748,0.146069204667788,0,0.290567594739564,0,0.224975168365792,0.951517035326656,1.43133500616025,3.02631732101079,8.07099628140715,18.1345890438715,40.4612971393288,94.4321098007555,163.231800951556,271.295021049621,382.233447123144,469.341293321262,471.514224382541,439.887350759589,330.114207213303,98.8078517887973,97.163012837114,100.473552319347,95.491288354529,93.8968876621368,97.0989260369216,39.1395945682731,38.4173556594166,39.8684662331088,100
C45,Mesothelioma,All,2015-2019,0,0,0,0,0,0,2,2,3,10,10,25,60,152,218,225,169,99,39,1014,0,0,0,0,0,0,0.112006290273262,0.118521187440073,0.181878808087544,0.52386630093814,0.493873499241904,1.32113660023992,3.63953996214878,9.89968750854825,17.0219942906045,23.6909437419056,24.4319569997557,24.8145799443051,18.7345080029975,3.74115902139545,3.51440432239875,3.97870531027748,4.37752291716035,4.10679249014026,4.65677272904966,1.5006373812565,1.40369152976761,1.60077461292433,100
C45,Mesothelioma,Male,2015-2019,0,0,0,0,0,0,1,2,2,8,5,18,47,133,188,194,145,86,35,864,0,0,0,0,0,0,0.113976869534097,0.241449080803349,0.247853895085925,0.867848386886811,0.509248979974293,1.95388399573619,5.86996650372306,17.9293368437088,31.185824383997,45.9981600735971,50.6237191326237,58.5635584852468,56.5802874278601,6.55040407046961,6.12085209594573,7.00215070686786,7.71243734887909,7.19733163251213,8.24509339338998,2.59125963448396,2.41149767701657,2.77739194409345,100
C45,Mesothelioma,Female,2015-2019,0,0,0,0,0,0,1,0,1,2,5,7,13,19,30,31,24,13,4,150,0,0,0,0,0,0,0.110102692781557,0,0.118691121785399,0.202621106635436,0.479399255205317,0.720855800005767,1.53324668523861,2.39415020898411,4.42570567877048,5.87150124816752,5.92168570653113,5.1564793145849,2.73386507008947,1.07806064651728,0.912442942211822,1.26504786587168,1.04260848544162,0.881927813934331,1.21653721526509,0.410015128029049,0.340002381160312,0.486485166607655,100
C60,Penis,Male,2015-2019,0,0,0,0,1,1,3,5,6,21,25,49,38,58,57,50,28,24,3,369,0,0,0,0,0.111440603829768,0.106496839706282,0.34193060860229,0.603622702008373,0.743561685257774,2.27810201557788,2.54624489987147,5.31890643283741,4.74593036471226,7.81880854838427,9.45527654195654,11.855195895257,9.77561472905836,16.3433186470456,4.84973892238801,2.7975684050964,2.51937514482396,3.09808861386953,3.01283733760383,2.71003930633929,3.33144022863356,1.44115722583643,1.28867739516668,1.60203983223271,100
C61,Prostate,Male,2015-2019,0,0,0,0,0,0,0,0,19,112,549,1405,2578,3894,4114,3165,1749,936,376,18897,0,0,0,0,0,0,0,0,2.35461200331628,12.1498774164154,55.9155380011774,152.511500778297,321.973907374426,524.938629093247,682.438731466829,750.433900169766,610.626791468681,637.389427234779,607.833944939297,143.267344582945,141.231861760642,145.324824537746,158.076851737411,155.798126237959,160.371891979024,65.7430164163078,64.7657002275846,66.7275501311275,100
C62,Testis,Male,2015-2019,4,1,2,20,79,140,195,167,118,104,95,51,31,20,15,10,4,1,3,1060,0.552114044677068,0.131155625330348,0.277479872303763,2.68013164806655,8.80380770255166,14.9095575588794,22.2254895591489,20.1609982470797,14.6233798100696,11.2820290295285,9.67573061951157,5.53600465458587,3.87168003437053,2.6961408787532,2.48823066893593,2.37103917905139,1.39651638986548,0.680971610293567,4.84973892238801,8.03637536423355,7.55980742785131,8.53511363377566,8.0202030983867,7.54132866709721,8.51361002444364,7.37115580275968,6.92053633004244,7.83578689856445,100
C25,Pancreas,Male,2015-2019,0,0,1,2,1,0,4,8,22,38,92,170,205,343,423,316,286,158,68,2137,0,0,0.138739936151881,0.268013164806655,0.111440603829768,0,0.455907478136387,0.965796323213397,2.72639284594517,4.12227983771235,9.37018123152699,18.4533488486196,25.6030453885793,46.2388160706173,70.1681048639933,74.9248380580241,99.8509218753819,107.593514426384,109.927415574128,16.2016359937425,15.5219270891624,16.9034482631206,18.2552513264504,17.4750031325474,19.0523014726868,7.35296631585691,7.02363827753889,7.68973375213186,100
C90,Multiple myeloma and malignant plasma cell neoplasms,All,2015-2019,0,1,0,0,0,1,7,12,25,41,91,188,213,332,420,404,367,194,93,2389,0,0.0669534954411365,0,0,0,0.0530545352873672,0.392022015956416,0.711127124640436,1.51565673406287,2.14785183384637,4.49424884310133,9.93494723380419,12.9203668656282,21.623001663408,32.7946678993297,42.5384056521327,53.0563799935523,48.6265505979311,44.6745960071479,8.81422968650268,8.46429002222156,9.17492166801497,9.36436530438216,8.98524757284209,9.75120716519364,3.73501065068091,3.57243073686713,3.90115758202757,100
C90,Multiple myeloma and malignant plasma cell neoplasms,Male,2015-2019,0,0,0,0,0,0,4,6,14,20,65,121,146,207,253,213,183,92,46,1370,0,0,0,0,0,0,0.455907478136387,0.724347242410048,1.73497726560147,2.16962096721703,6.62023673966581,13.1344424157822,18.2343640328418,27.9050580950956,41.9681572827194,50.5031345137947,63.8906248363457,62.6493881470082,74.3626634766162,10.3866360839622,9.84385170937959,10.9515635511452,11.6988218579158,11.0755524237504,12.3389119872486,4.72246006913526,4.45994726334221,4.99237389920867,100
C90,Multiple myeloma and malignant plasma cell neoplasms,Female,2015-2019,0,1,0,0,0,1,3,6,11,21,26,67,67,125,167,191,184,102,47,1019,0,0.136776265488202,0,0,0,0.105724115036295,0.330308078344672,0.698380920233259,1.30560233963939,2.12752161967208,2.49287612706765,6.8996198000552,7.90211753161437,15.7509882170007,24.636428278489,36.1760238193547,45.3995904167386,40.4585300067431,32.1229145735512,7.32362532534074,6.88080784732676,7.78746402885993,7.02990875084855,6.60332302050577,7.46965772010082,2.74756123222656,2.5580702140356,2.94372671628231,100
C82-C86,Non-Hodgkin lymphoma,All,2015-2019,3,13,14,19,32,33,63,82,113,191,320,426,583,690,830,745,609,349,132,5247,0.212902607702107,0.870395440734774,0.993555374034566,1.30207887171439,1.79138634269445,1.75079966448312,3.52819814360774,4.85936868504298,6.85076843796417,10.0058463479185,15.8039519757409,22.5121676680882,35.3641966322124,44.9393709269625,64.808510372485,78.4433470565319,88.0417858748592,87.4776606117421,63.4091040101455,19.3588376580492,18.8385332450691,19.8898704474174,20.1678333114966,19.6182764603762,20.7248757699565,9.58604046149668,9.29614257927666,9.88032743315904,100
C82-C86,Non-Hodgkin lymphoma,Male,2015-2019,3,8,11,13,16,17,37,49,65,120,183,236,334,382,452,401,300,172,48,2847,0.414085533507801,1.04924500264279,1.5261392976707,1.74208557124326,1.78304966127628,1.81044627500679,4.21714417276158,5.91550247968206,8.05525159029255,13.0177258033022,18.6385126670591,25.6175901663189,41.7142300477341,51.4962907841861,74.9786841572695,95.0786710799609,104.738729239911,117.127116970494,77.5958227582082,21.5844911905405,20.7988368801641,22.3922275150864,23.6454861458452,22.7727742063457,24.5343782443382,11.2797654751521,10.8269052003396,11.7417740092235,100
C82-C86,Non-Hodgkin lymphoma,Female,2015-2019,0,5,3,6,16,16,26,33,48,71,137,190,249,308,378,344,309,177,84,2400,0,0.683881327441012,0.435851392109346,0.841546594331062,1.79980134692633,1.69158584058072,2.86267001232049,3.84109506128293,5.69717384569917,7.19304928555798,13.1355395926257,19.5660860001565,29.3675711249549,38.8104349666898,55.763891552508,65.1547235280525,76.2417034715883,70.2074491293483,57.4111664718788,17.2489703442765,16.5657127619373,17.9531728595681,16.690180477148,16.0269514358554,17.3666675792982,7.89231544784123,7.53310572126304,8.25977407014376,100
C15,Oesophagus,All,2015-2019,0,0,0,0,1,2,5,11,29,97,178,377,506,709,778,679,573,349,196,4490,0,0,0,0,0.0559808232092015,0.106109070574734,0.280015725683154,0.6518665309204,1.75816181151293,5.08150311909996,8.79094828650589,19.922739931618,30.6934536807881,46.176831865531,60.7482181563775,71.4940035589062,82.8373453305326,87.4776606117421,94.1529120150645,16.5658816627865,16.0848346223977,17.0576611069516,17.7248341347169,17.1999553307426,18.2574917907996,7.31304879793997,7.08280865019189,7.54692024555181,100
C15,Oesophagus,Male,2015-2019,0,0,0,0,1,2,4,7,23,68,137,268,367,518,571,432,325,159,93,2975,0,0,0,0,0.111440603829768,0.212993679412563,0.455907478136387,0.845071782811723,2.85031979348813,7.37671128853789,13.9534220512956,29.0911617142944,45.8356958907737,69.8300487597078,94.7186474641612,102.42889253502,113.46695667657,108.274486036677,150.341906594028,22.5549214232027,21.7516392178916,23.3802826303431,25.0799050818758,24.1695959182894,26.0068065148227,10.5969931710513,10.1975954391764,11.0039556734756,100
C15,Oesophagus,Female,2015-2019,0,0,0,0,0,0,1,4,6,29,41,109,139,191,207,247,248,190,103,1515,0,0,0,0,0,0,0.110102692781557,0.465587280155506,0.712146730712396,2.93800604621382,3.9310738926836,11.2247546000898,16.393945326782,24.0675099955771,30.5373691835163,46.7826067192703,61.1907523008216,75.3639284439332,70.3970255548037,10.8884125298245,10.3469662398723,11.4508406882634,10.3697631875581,9.85235411725407,10.9002272028387,4.02910442482866,3.80247578896426,4.26220047359176,100
C25,Pancreas,All,2015-2019,0,0,1,4,2,0,8,10,40,75,162,306,409,597,769,674,629,387,180,4253,0,0,0.070968241002469,0.274121867729346,0.111961646418403,0,0.448025161093047,0.592605937200364,2.42505077450059,3.92899725703605,8.00075068771885,16.1707119869366,24.8095307419809,38.8823252802849,60.0454752728204,70.9675381424194,90.9331417328185,97.0024488731925,86.4669600138347,15.691468755419,15.2233835930184,16.1702877982527,16.4132750270848,15.9145541578059,16.9195828830086,6.57454601692924,6.35879881165038,6.79384230877332,100
C25,Pancreas,Female,2015-2019,0,0,0,2,1,0,4,2,18,37,70,136,204,254,346,358,343,229,112,2116,0,0,0,0.280515531443687,0.112487584182896,0,0.440410771126229,0.232793640077753,2.13644019213719,3.74849047275557,6.71158957287444,14.005198400112,24.0601787529751,32.0060080569455,51.0431388284862,67.8063692530314,84.6307582225073,90.8333663876879,76.548221962505,15.2078421868705,14.5667016634635,15.8699369308002,14.5712987277191,13.9549105137995,15.2008208300717,5.79612571800157,5.51957822201302,6.07933818464538,100
C43,Malignant melanoma of the skin,All,2015-2019,1,2,1,9,77,124,217,267,317,422,571,616,723,745,846,804,628,393,180,6943,0.0709675359007022,0.133906990882273,0.070968241002469,0.616774202391028,4.31052338710851,6.57876237563354,12.1526824946489,15.8225785232497,19.2185273879172,22.1071578995895,28.2001768067127,32.5528058299116,43.8564565438929,48.5214946965029,66.0578310543642,84.655638971076,90.7885739399205,98.506362809211,86.4669600138347,25.6162397293378,25.0171962781065,26.2260050582194,26.7604705260269,26.1253413307531,27.4031215234662,14.2445962898517,13.8764467346433,14.6174987239342,100
C43,Malignant melanoma of the skin,Male,2015-2019,1,0,0,1,14,28,61,92,104,174,233,310,387,407,485,483,376,218,81,3455,0.138028511169267,0,0,0.134006582403328,1.56016845361675,2.98191151177589,6.9525890415799,11.1066577169541,12.8884025444681,18.8757024147881,23.7310024668021,33.6502243710122,48.3335539774643,54.8664668826275,80.4527916289285,114.521192348182,131.272540647355,148.451811043998,130.942950904476,26.1940347956858,25.327810949105,27.0823278779353,28.9272794007983,27.9547413328545,29.916214635506,13.6202290219967,13.1308261738198,14.118461161503,100
C43,Malignant melanoma of the skin,Female,2015-2019,0,2,1,8,63,96,156,175,213,248,338,306,336,338,361,321,252,175,99,3488,0,0.273552530976405,0.145283797369782,1.12206212577475,7.08671780352244,10.1495150434843,17.1760200739229,20.3694435068034,25.2812089402901,25.1250172227941,32.4073896518794,31.5116964002521,39.6285297107825,42.59067213877,53.2559916678714,60.7984484084444,62.1776999185768,69.4141446194122,67.6631604847143,25.0685035670152,24.24339877725,25.9145289088222,24.5936616512555,23.7813415120604,25.41943304196,14.8689635577067,14.3214997163086,15.4265525823744,100
C44,Non-melanoma skin cancer,All,2015-2019,2,1,3,13,34,114,309,608,1045,1899,2839,3933,5148,6986,8857,9703,9264,6356,3314,60428,0.141935071801404,0.0669534954411365,0.212904723007407,0.890896070120374,1.90334798911285,6.04821702275987,17.3049718472189,36.0304409817821,63.3544514838279,99.4822105481527,140.210686434777,207.841209949744,312.272528752366,454.994848254724,691.57707996277,1021.65878723427,1339.27603340673,1593.14616288892,1591.95280825471,222.949464837164,221.175356319085,224.734266614078,242.579002239097,240.601803862585,244.564179744093,96.4138136886623,95.5626187725912,97.2687306400629,100
C44,Non-melanoma skin cancer,Male,2015-2019,1,1,2,6,14,44,135,260,461,878,1474,2198,3038,4208,5497,6022,5703,3696,1686,35324,0.138028511169267,0.131155625330348,0.277479872303763,0.804039494419966,1.56016845361675,4.6858609470764,15.3868773871031,31.3883805044354,57.1303228173057,95.2463604608275,150.126599296422,238.590945701564,379.424643368312,567.268040889673,911.853599142722,1427.83979362475,1991.08324285071,2516.87107164502,2725.55327438206,267.808418269987,265.022821827833,270.615997353778,311.786507673376,308.468487807818,315.122031971025,117.185307564725,115.866181099881,118.511797554158,100
C44,Non-melanoma skin cancer,Female,2015-2019,1,0,1,7,20,70,174,348,584,1021,1365,1735,2110,2778,3360,3681,3561,2660,1628,25104,0.146069204667788,0,0.145283797369782,0.981804360052905,2.24975168365792,7.40068805254066,19.157868543991,40.506093373529,69.3156151226732,103.43807493739,130.875996671052,178.669259001429,248.857731219497,350.049962134624,495.679036022294,697.193422403376,878.630116706556,1055.09499821506,1112.68308352641,180.424229801132,178.199161509886,182.670144087636,173.371496804819,171.225652587059,175.530518736262,75.6423198125995,74.5686137694539,76.7235946780747,100
"C44, M-8090-8098",Basal cell carcinoma of the skin,All,2015-2019,0,1,1,5,23,101,273,564,972,1745,2546,3387,4279,5565,6538,6372,5275,3001,1360,42008,0,0.0669534954411365,0.070968241002469,0.342652334661682,1.28755893381163,5.35850806402409,15.2888586223002,33.4229748581005,58.9287338203644,91.4146695137054,125.740192906989,178.987586600504,259.559858300577,362.445795954415,510.5036636329,670.927526770766,762.595107536753,752.207620331914,653.305920104529,154.988765454418,153.510146689255,156.47808040716,163.249077714913,161.665345640725,164.84042278499,72.4681720135095,71.7074915415333,73.232810510763,100
"C44, M-8090-8098",Basal cell carcinoma of the skin,Male,2015-2019,0,1,1,2,6,37,115,235,428,783,1276,1845,2434,3199,3797,3558,2833,1491,595,22636,0,0.131155625330348,0.138739936151881,0.268013164806655,0.668643622978607,3.94038306913242,13.1073399964211,28.3702669943936,53.0407335483879,84.9406608665466,129.96033968944,200.27310956296,303.989329150254,431.247733556574,629.854123329982,843.615739906486,989.082733122227,1015.32867094771,961.864886273622,171.61452145735,169.386068812929,173.864966578316,191.688663992139,189.156704243288,194.237224199549,81.7679982853912,80.6263173240595,82.9175947263204,100
"C44, M-8090-8098",Basal cell carcinoma of the skin,Female,2015-2019,0,0,0,3,17,64,158,329,544,962,1270,1542,1845,2366,2741,2814,2442,1510,765,19372,0,0,0,0.420773297165531,1.91228893110923,6.76634336232289,17.3962254594861,38.2945537927904,64.5679702512572,97.4607522916447,121.767410822151,158.79423480127,217.603087251172,298.13470497139,404.361975516996,532.980790720755,602.531520639542,598.944905001785,522.85169465461,139.227938962219,137.274162941896,141.202567117131,134.809491437686,132.911356115218,136.720898384951,63.1683457416277,62.1652796587022,64.1793285753589,100
"C44, M-8050-8078, M-8083-8084",Squamous cell carcinoma of the skin,All,2015-2019,0,0,0,4,1,4,23,32,60,133,283,512,826,1362,2225,3204,3867,3258,1896,17690,0,0,0,0.274121867729346,0.0559808232092015,0.212218141149469,1.28807233814251,1.89633899904116,3.63757616175089,6.96742180247726,13.9766200285459,27.0568775729135,50.1043334789149,88.7064104384389,173.73365732383,337.359038884736,559.043655136421,816.625267258039,910.785312145726,65.267360047816,64.3090694101564,66.2363564001118,76.2790875851648,75.1204123119824,77.4465076315311,22.7489429932273,22.3824152223892,23.1184063406858,100
"C44, M-8050-8078, M-8083-8084",Squamous cell carcinoma of the skin,Male,2015-2019,0,0,0,3,1,2,15,19,24,86,191,330,574,971,1643,2374,2784,2145,1056,12218,0,0,0,0.402019747209983,0.111440603829768,0.212993679412563,1.70965304301145,2.29376626763182,2.9742467410311,9.32937015903322,19.453311035018,35.8212065884968,71.688527088022,130.897639663468,272.544199270783,562.884701106801,971.975407346374,1460.6841040797,1707.10810068058,92.6305983020807,90.9953017674502,94.2879051073302,115.788639179573,113.687730502484,117.908515880217,33.8487595884628,33.2106476877743,34.4928595590714,100
"C44, M-8050-8078, M-8083-8084",Squamous cell carcinoma of the skin,Female,2015-2019,0,0,0,1,0,2,8,13,36,47,92,182,252,391,582,830,1083,1113,840,5472,0,0,0,0.140257765721844,0,0.21144823007259,0.880821542252459,1.5131586605054,4.27288038427438,4.76159600593275,8.82094629577784,18.7422508001499,29.7213972830869,49.2690911427783,85.8586901681473,157.204710838034,267.216067507217,441.473959779461,574.111664718788,39.3276523849504,38.292463420956,40.3837379621928,36.7695359907565,35.79772933031,37.7541763855562,11.6491263979918,11.2904226352027,12.0133614773831,100
C16,Stomach,All,2015-2019,0,0,0,0,5,6,18,20,36,77,133,226,283,334,456,549,511,333,145,3132,0,0,0,0,0.279904116046007,0.318327211724203,1.00805661245936,1.18521187440073,2.18254569705053,4.03377051722368,6.56851753991733,11.9430748661689,17.1664968214684,21.7532607095731,35.605639433558,57.8059027302496,73.8741421708589,83.4672234490261,69.6539400111446,11.5555325986297,11.1543439933758,11.9674642052178,12.4742236868857,12.0322556940181,12.9240517986468,4.88797727596784,4.69989477301073,5.07969817603347,100
C16,Stomach,Male,2015-2019,0,0,0,0,3,5,13,10,24,40,84,158,204,232,301,355,288,184,61,1962,0,0,0,0,0.334321811489303,0.532484198531409,1.48169930394326,1.20724540401675,2.9742467410311,4.33924193443405,8.55538286356812,17.1507595181288,25.4781524842448,31.2752341935371,49.9304954233144,84.1718908563245,100.549180070315,125.298776294016,98.6113580885562,14.8748759100247,14.2238949018148,15.5479672528854,16.949998532221,16.1945369846964,17.7224403207682,6.67069228938842,6.35605377673834,6.99282501343038,100
C16,Stomach,Female,2015-2019,0,0,0,0,2,1,5,10,12,37,49,68,79,102,155,194,223,149,84,1170,0,0,0,0,0.224975168365792,0.105724115036295,0.550513463907787,1.16396820038877,1.42429346142479,3.74849047275557,4.69811270101211,7.00259920005602,9.31742216414231,12.8528063850726,22.8661460069808,36.7442336175645,55.0223296898517,59.1011859902424,57.4111664718788,8.4088730428348,7.93388698309413,8.90486572910784,7.99844884155033,7.5449316063893,8.46501528693417,3.10526226254726,2.90161143314193,3.31572222120711,100
